Error_metric,Train,Test
Accuracy,0.8817,0.8256333830104322
Precision,0.839893143365984,0.07260273972602739
Recall,0.9432,0.8362919132149902
