Error_metric,Train,Test
Accuracy,0.9853,0.92668928560104
Precision,0.9714396735962697,0.170018281535649
Recall,1.0,0.9171597633136095
